HallmarkCan_1711	Vogelstein_138	Sanger_2369	COSMIC_595
A2M	ABL1	ABCB1	ABI1
ABCB1	ACVR1B	ABL2	ABL1
ABCB11	AKT1	ACACA	ABL2
ABCB4	ALK	ACAD8	ACKR3
ABCC1	AMER1	ACAD8	ACSL3
ABCC3	APC	ACAD8	ACSL6
ABCF1	AR	ACAD8	ACVR1
ABL1	ARID1A	ACAD8	AFF1
ABL2	ARID1B	ACO1	AFF3
ACAA1	ARID2	ACO1	AFF4
ACADL	ASXL1	ACO1	AKAP9
ACADM	ATM	ACO1	AKT1
ACD	ATRX	ACO1	AKT2
ACOX1	AXIN1	ACO1	ALDH2
ACOX2	B2M	ACO1	ALK
ACOX3	BAP1	ACO1	AMER1
ACP1	BCL2	ACO1	APC
ACSL1	BCOR	ACSL3	AR
ACSL3	BRAF	ACSL6	ARHGAP26
ACSL4	BRCA1	ACSL6	ARHGEF12
ACSL5	BRCA2	ACSL6	ARID1A
ACSL6	CARD11	ACSL6	ARID1B
ACSS1	CASP8	ACSL6	ARID2
ACSS2	CBL	ACSL6	ARNT
ACTB	CCND1	ACTB	ASPSCR1
ACTG1	CDC73	ACTB	ASXL1
ACTN1	CDH1	ACTB	ATF1
ACTN2	CDKN2A	ACTB	ATIC
ACTN3	CDKN2C	ACTB	ATM
ACTN4	CEBPA	ACTG1	ATP1A1
ACVR1	CIC	ACTG1	ATP2B3
ACVR1B	CREBBP	ACTG1	ATR
ACVR1C	CRLF2	ACTG1	ATRX
ACVR2A	CSF1R	ACTG1	AXIN1
ACVR2B	CTNNB1	ACTG1	AXIN2
ADGRB1	CYLD	ACTG1	BAP1
ADGRE5	DAXX	ACTG2	BCL10
ADH1A	DNMT1	ACTG2	BCL11A
ADH1B	DNMT3A	ACTG2	BCL11B
ADH1C	EGFR	ACTG2	BCL2
ADH4	EP300	ACVR1B	BCL3
ADH5	ERBB2	ACVR1B	BCL5
ADH6	EZH2	ACVR1B	BCL6
ADH7	FBXW7	ACVR1B	BCL7A
ADIPOQ	FGFR2	ACVR1B	BCL9
ADORA3	FGFR3	ACVR1B	BCOR
ADPGK	FLT3	ACVR1B	BCR
AFAP1L2	FOXL2	ACVR1B	BIRC3
AFDN	FUBP1	ACVR2A	BLM
AGER	GATA1	ACVR2A	BMPR1A
AGRN	GATA2	ACVR2A	BRAF
AHSG	GATA3	ACVR2A	BRCA1
AIF1	GNA11	ACVR2A	BRCA2
AIFM1	GNAQ	ADAM10	BRD3
AIMP1	GNAS	ADAM10	BRD4
AKR1A1	H3F3A	ADAM10	BRIP1
AKT1	HIST1H3B	ADAM10	BTG1
AKT2	HNF1A	ADAM10	BUB1B
AKT3	HRAS	ADAM10	C12orf9
ALDH1A3	IDH1	ADAM10	C15orf65
ALDH1B1	IDH2	ADCY1	C2orf44
ALDH2	IKZF1	AFF4	CACNA1D
ALDH3A1	JAK1	AFF4	CALR
ALDH3A2	JAK2	AFF4	CAMTA1
ALDH3B1	JAK3	AFF4	CANT1
ALDH3B2	KDM5C	AFF4	CARD11
ALDH7A1	KDM6A	AFF4	CARS
ALDH9A1	KIT	AFF4	CASC5
ALDOA	KLF4	AFF4	CASP8
ALDOB	KMT2C	AHCTF1	CBFA2T3
ALDOC	KMT2D	AHNAK	CBFB
ALOX15	KRAS	AHNAK	CBL
ALOX5	LMO1	AHNAK	CBLB
AMH	MAP2K1	AHNAK	CBLC
AMHR2	MAP2K4	AHNAK	CCDC6
ANAPC1	MAP3K1	AHNAK	CCNB1IP1
ANAPC10	MDM2	AHNAK	CCND1
ANAPC11	MDM4	AHNAK	CCND2
ANAPC13	MED12	AHR	CCND3
ANAPC2	MEN1	AHR	CCNE1
ANAPC4	MET	AHR	CD274
ANAPC5	MLH1	AHR	CD74
ANAPC7	MPL	AHR	CD79A
ANGPTL4	MSH2	AHR	CD79B
ANXA1	MSH6	AHR	CDC73
AOAH	MYC	AHR	CDH1
AOC3	MYCL	AKAP9	CDH11
AOX1	MYCN	AKAP9	CDK12
APAF1	MYD88	AKAP9	CDK4
APC	NCOA3	AKAP9	CDK6
APC2	NCOR1	AKAP9	CDKN1B
APCS	NF1	AKAP9	CDKN2A
APEX1	NF2	AKAP9	CDKN2A(p14)
APEX2	NFE2L2	AKAP9	CDKN2C
APOA1	NKX2-1	AKAP9	CDX2
APOA2	NOTCH1	AKT1	CEBPA
APOA5	NOTCH2	AKT1	CEP89
APOC3	NPM1	AKT1	CHCHD7
APOL2	NRAS	AKT1	CHD4
APOL3	PAX5	AKT1	CHEK2
APPL1	PBRM1	AKT1	CHIC2
AQP7	PDGFRA	ALK	CHN1
AR	PHF6	ALK	CIC
ARAF	PIK3CA	AMOT	CIITA
AREG	PIK3R1	ANK3	CLIP1
ARHGAP35	PPP2R1A	ANK3	CLP1
ARHGAP5	PRDM1	ANK3	CLTC
ARNT	PTCH1	ANK3	CLTCL1
ARNT2	PTEN	ANK3	CNBP
ARRB1	PTPN11	ANK3	CNOT3
ARRB2	RB1	ANK3	CNTRL
ATF2	RET	ANK3	COL1A1
ATF4	RNF43	ANK3	COL2A1
ATM	RUNX1	APAF1	COX6C
ATR	SETBP1	APC	CREB1
ATRN	SETD2	APC	CREB3L1
AXIN1	SF3B1	APC	CREB3L2
AXIN2	SKP2	APC	CREBBP
AZU1	SMAD2	APC	CRLF2
B4GALT1	SMAD4	APC	CRTC1
BAD	SMARCA4	APC	CRTC3
BAIAP2	SMARCB1	APC	CSF3R
BAX	SMO	APC	CTCF
BBC3	SOCS1	AQR	CTNNB1
BCAR1	SOX9	AQR	CUX1
BCL10	SPOP	AQR	CXCR4
BCL2	SRSF2	AQR	CYLD
BCL2L1	STAG2	AQR	DAXX
BCR	STK11	AQR	DCTN1
BDKRB1	TET2	AQR	DDB2
BDKRB2	TNFAIP3	ARAP3	DDIT3
BDNF	TP53	ARFGAP1	DDX10
BID	TRAF7	ARFGAP1	DDX5
BIRC2	TSC1	ARFGAP1	DDX6
BIRC3	TSHR	ARFGAP1	DEK
BIRC5	U2AF1	ARFGAP3	DICER1
BLM	VHL	ARFGEF1	DNAJB1
BLNK	WT1	ARFGEF2	DNM2
BMP2		ARFGEF2	DNMT3A
BMP4		ARFGEF2	DUX4L1
BMP5		ARFGEF2	EBF1
BMP6		ARFGEF2	ECT2L
BMP7		ARFGEF2	EGFR
BMP8A		ARFGEF2	EIF3E
BMP8B		ARFGEF2	EIF4A2
BMPR1A		ARHGAP26	ELF4
BMPR1B		ARHGAP26	ELK4
BMPR2		ARHGAP26	ELL
BPGM		ARHGAP26	ELN
BRAF		ARHGAP26	EML4
BRCA2		ARHGAP26	EP300
BTC		ARHGAP26	EPS15
BTK		ARHGAP26	ERBB2
BTRC		ARHGAP29	ERBB3
BUB1		ARHGAP35	ERBB4
BUB1B		ARHGAP35	ERC1
BUB3		ARHGAP35	ERCC2
C3		ARHGAP35	ERCC3
C3AR1		ARHGAP35	ERCC4
C4A		ARHGAP35	ERCC5
C4B		ARHGAP35	ERG
C5		ARHGAP35	ESR1
CAB39		ARHGAP35	ETNK1
CAB39L		ARHGAP35	ETV1
CACNA1A		ARHGAP35	ETV4
CACNA1B		ARHGAP35	ETV5
CACNA1C		ARHGEF2	ETV6
CACNA1D		ARHGEF6	EWSR1
CACNA1E		ARHGEF6	EXT1
CACNA1F		ARHGEF6	EXT2
CACNA1G		ARHGEF6	EZH2
CACNA1H		ARHGEF6	EZR
CACNA1I		ARHGEF6	FAM131B
CACNA1S		ARHGEF6	FAM46C
CACNA2D1		ARID1A	FANCA
CACNA2D2		ARID1A	FANCC
CACNA2D3		ARID1A	FANCD2
CACNA2D4		ARID1A	FANCE
CACNB1		ARID1A	FANCF
CACNB2		ARID1A	FANCG
CACNB3		ARID1A	FAS
CACNB4		ARID1A	FAT1
CACNG1		ARID1A	FAT4
CACNG2		ARID1A	FBXO11
CACNG3		ARID1A	FBXW7
CACNG4		ARID1A	FCGR2B
CACNG5		ARID1A	FCRL4
CACNG6		ARID1A	FEV
CACNG7		ARID1A	FGFR1
CACNG8		ARID1A	FGFR1OP
CACYBP		ARID1A	FGFR2
CAMK2A		ARID1A	FGFR3
CAMK2B		ARID1A	FGFR4
CAMK2D		ARID1A	FH
CAMK2G		ARID1B	FHIT
CAPN1		ARID1B	FIP1L1
CAPN2		ARID1B	FLCN
CARD11		ARID1B	FLI1
CARD18		ARID1B	FLT3
CASP10		ARID1B	FLT4
CASP3		ARID1B	FNBP1
CASP6		ARID1B	FOXA1
CASP7		ARID1B	FOXL2
CASP8		ARID1B	FOXO1
CASP9		ARID1B	FOXO3
CAV1		ARID1B	FOXO4
CAV2		ARID2	FOXO4
CAV3		ARID2	FOXP1
CBL		ARID2	FSTL3
CBLB		ARID2	FUBP1
CBLC		ARID2	FUS
CCDC6		ARID2	GAS7
CCL1		ARID2	GATA1
CCL11		ARID2	GATA2
CCL13		ARID2	GATA3
CCL14		ARID2	GMPS
CCL15		ARID2	GNA11
CCL16		ARID2	GNAQ
CCL17		ARID2	GNAS
CCL18		ARID2	GOLGA5
CCL19		ARID4A	GOPC
CCL2		ARID4B	GPC3
CCL20		ARID5B	GPHN
CCL21		ARNTL	GRIN2A
CCL22		ARNTL	H3F3A
CCL23		ARNTL	H3F3B
CCL24		ARNTL	HERPUD1
CCL25		ARNTL	HEY1
CCL26		ASH1L	HIF1A
CCL27		ASH1L	HIP1
CCL28		ASH1L	HIST1H3B
CCL3		ASH1L	HIST1H4I
CCL3L1		ASH1L	HLA-A
CCL3L3		ASH1L	HLF
CCL4		ASPM	HMGA1
CCL4L1		ASPM	HMGA2
CCL4L2		ASPM	HMGN2P46
CCL5		ASPM	HNF1A
CCL7		ASPM	HNRNPA2B1
CCL8		ASPM	HOOK3
CCNA1		ASXL1	HOXA11
CCNA2		ASXL1	HOXA13
CCNB1		ASXL2	HOXA9
CCNB2		ATF1	HOXC11
CCNB3		ATF1	HOXC13
CCND1		ATF1	HOXD11
CCND2		ATF1	HOXD13
CCND3		ATF1	HRAS
CCNE1		ATIC	HSP90AA1
CCNE2		ATIC	HSP90AB1
CCNG1		ATIC	IDH1
CCNG2		ATIC	IDH2
CCNH		ATIC	IGH
CCR1		ATIC	IGK
CCR10		ATIC	IGL
CCR2		ATIC	IKBKB
CCR3		ATM	IKZF1
CCR4		ATM	IL2
CCR5		ATM	IL21R
CCR6		ATM	IL6ST
CCR7		ATM	IL7R
CCR8		ATM	IRF4
CCR9		ATM	ITK
CD14		ATM	JAK1
CD163		ATM	JAK2
CD180		ATM	JAK3
CD19		ATP6AP2	JAZF1
CD22		ATP6AP2	JUN
CD24		ATP6AP2	KAT6A
CD244		ATP6AP2	KAT6B
CD247		ATR	KCNJ5
CD27		ATR	KDM5A
CD28		ATR	KDM5C
CD36		ATR	KDM6A
CD3D		ATR	KDR
CD3E		ATR	KDSR
CD3G		ATR	KIAA1549
CD4		ATR	KIAA1598
CD40		ATRX	KIF5B
CD40LG		ATRX	KIT
CD44		ATRX	KLF4
CD47		ATRX	KLF6
CD48		ATRX	KLK2
CD70		ATRX	KMT2A
CD72		ATRX	KMT2C
CD79A		ATRX	KMT2D
CD79B		ATRX	KRAS
CD81		ATRX	KTN1
CD82		ATRX	LASP1
CD8A		ATRX	LCK
CD8B		ATRX	LCP1
CDC14A		AXIN1	LEF1
CDC14B		AXIN2	LHFP
CDC16		B2M	LIFR
CDC20		B2M	LMNA
CDC23		B2M	LMO1
CDC25A		B2M	LMO2
CDC25B		BAP1	LPP
CDC25C		BAP1	LRIG3
CDC26		BAP1	LSM14A
CDC27		BAP1	LYL1
CDC42		BAP1	LZTR1
CDC45		BAP1	MAF
CDC6		BAP1	MAFB
CDC7		BAP1	MALAT1
CDH1		BAP1	MALT1
CDK1		BAP1	MAML2
CDK2		BAP1	MAP2K1
CDK4		BAZ2B	MAP2K2
CDK6		BAZ2B	MAP2K4
CDK7		BAZ2B	MAP3K1
CDKN1A		BAZ2B	MAP3K13
CDKN1B		BAZ2B	MAX
CDKN1C		BAZ2B	MDM2
CDKN2A		BCL11A	MDM4
CDKN2B		BCLAF1	MDS2
CDKN2C		BCLAF1	MECOM
CDKN2D		BCLAF1	MED12
CDO1		BCLAF1	MEN1
CEBPA		BCLAF1	MET
CEBPB		BCLAF1	MITF
CER1		BCLAF1	MKL1
CETN2		BCLAF1	MLF1
CFLAR		BCOR	MLH1
CHAD		BCOR	MLLT1
CHD8		BCOR	MLLT10
CHEK1		BCOR	MLLT11
CHEK2		BCOR	MLLT3
CHP1		BCOR	MLLT4
CHP2		BCOR	MLLT6
CHRD		BCOR	MN1
CHST1		BCOR	MNX1
CHST2		BLM	MPL
CHST4		BLM	MSH2
CHUK		BLM	MSH6
CIITA		BLM	MSI2
CISH		BLM	MSN
CKS1B		BLM	MTCP1
CLCF1		BLM	MTOR
CLEC7A		BMPR2	MUC1
CNR2		BMPR2	MUTYH
CNTF		BMPR2	MYB
CNTFR		BMPR2	MYC
COL11A1		BMPR2	MYCL
COL11A2		BMPR2	MYCN
COL1A1		BMPR2	MYD88
COL1A2		BMPR2	MYH11
COL2A1		BMPR2	MYH9
COL3A1		BMPR2	MYO5A
COL4A1		BNC2	MYOD1
COL4A2		BNC2	NAB2
COL4A4		BNC2	NACA
COL4A6		BNC2	NBN
COL5A1		BNC2	NCKIPSD
COL5A2		BPTF	NCOA1
COL5A3		BPTF	NCOA2
COL6A1		BPTF	NCOA4
COL6A2		BPTF	NCOR1
COL6A3		BPTF	NCOR2
COL6A6		BPTF	NDRG1
COMP		BPTF	NF1
COP1		BPTF	NF2
CPT1A		BPTF	NFATC2
CPT1B		BPTF	NFE2L2
CPT1C		BRAF	NFIB
CPT2		BRAF	NFKB2
CR2		BRAF	NFKBIE
CREBBP		BRAF	NIN
CRH		BRAF	NKX2-1
CRK		BRAF	NONO
CRKL		BRAF	NOTCH1
CRLF2		BRAF	NOTCH2
CRP		BRAF	NPM1
CSF1		BRAF	NR4A3
CSF1R		BRAF	NRAS
CSF2		BRAF	NRG1
CSF2RA		BRAF	NSD1
CSF2RB		BRAF	NT5C2
CSF3		BRCA1	NTRK1
CSF3R		BRCA1	NTRK3
CSH1		BRCA1	NUMA1
CSNK1A1		BRCA1	NUP214
CSNK1A1L		BRCA1	NUP98
CSNK1E		BRCA1	NUTM1
CSNK2A1		BRCA1	NUTM2A
CSNK2A2		BRCA1	NUTM2B
CSNK2B		BRCA2	OLIG2
CTBP1		BRCA2	OMD
CTBP2		BRWD1	P2RY8
CTF1		BRWD1	PAFAH1B2
CTLA4		BRWD1	PALB2
CTNNA1		BRWD1	PAX3
CTNNA2		BRWD1	PAX5
CTNNA3		C15orf55	PAX7
CTNNB1		CAD	PAX8
CTNNBIP1		CAD	PBRM1
CTNND1		CAD	PBX1
CUL1		CAD	PCM1
CUL2		CAD	PCSK7
CUL4A		CAD	PDCD1LG2
CUL4B		CAD	PDE4DIP
CX3CL1		CAD	PDGFB
CX3CR1		CAPN7	PDGFRA
CXCL1		CAPN7	PDGFRB
CXCL10		CAPN7	PER1
CXCL11		CAPN7	PHF6
CXCL12		CARM1	PHOX2B
CXCL13		CARM1	PICALM
CXCL14		CARM1	PIK3CA
CXCL16		CARM1	PIK3R1
CXCL2		CARM1	PIM1
CXCL3		CARM1	PLAG1
CXCL5		CARM1	PLCG1
CXCL6		CASP1	PML
CXCL8		CASP1	PMS1
CXCL9		CASP1	PMS2
CXCR1		CASP1	POLE
CXCR2		CASP1	POT1
CXCR3		CASP1	POU2AF1
CXCR4		CASP8	POU5F1
CXCR5		CASP8	PPARG
CXCR6		CASP8	PPFIBP1
CXXC4		CASP8	PPP2R1A
CYBA		CASP8	PPP6C
CYBB		CASP8	PRCC
CYCS		CASP8	PRDM1
CYP27A1		CASP8	PRDM16
CYP4A11		CASP8	PRF1
CYP4A22		CAST	PRKACA
CYP4F11		CAST	PRKAR1A
CYP7A1		CAST	PRRX1
CYP8B1		CAST	PSIP1
CYSLTR1		CAST	PTCH1
DAAM1		CAT	PTEN
DAAM2		CAT	PTK6
DAG1		CAT	PTPN11
DAPK1		CAT	PTPN13
DAPK2		CAT	PTPRB
DAPK3		CAT	PTPRC
DAPP1		CAT	PTPRK
DAXX		CAT	PWWP2A
DBF4		CBFB	RABEP1
DBI		CBFB	RAC1
DCC		CBFB	RAD21
DCLRE1C		CCAR1	RAD51B
DCN		CCAR1	RAF1
DDB1		CCAR1	RALGDS
DDB2		CCAR1	RANBP17
DDIT3		CCAR1	RANBP2
DDIT4		CCAR1	RAP1GDS1
DFFA		CCAR1	RARA
DFFB		CCAR1	RB1
DIAPH1		CCAR1	RBM10
DKC1		CCAR1	RBM15
DKK1		CCND1	RECQL4
DKK2		CCT5	REL
DKK4		CCT5	RET
DLAT		CCT5	RHOA
DLD		CCT5	RHOH
DLG1		CCT5	RMI2
DOCK1		CCT5	RNF213
DUSP1		CCT5	RNF217-AS1
DUSP10		CCT5	RNF43
DUSP14		CDC27	ROS1
DUSP16		CDC73	RPL10
DUSP2		CDC73	RPL22
DUSP3		CDC73	RPL5
DUSP4		CDC73	RPN1
DUSP5		CDC73	RSPO2
DUSP6		CDH1	RSPO3
DUSP7		CDH1	RUNDC2A
DUSP8		CDH1	RUNX1
DUSP9		CDH1	RUNX1T1
DVL1		CDH1	SBDS
DVL2		CDH1	SDC4
DVL3		CDH1	SDHA
E2F1		CDH1	SDHAF2
E2F2		CDH1	SDHB
E2F3		CDH1	SDHC
E2F4		CDH1	SDHD
E2F5		CDK12	SEPT5
ECSIT		CDK12	SEPT6
EDA		CDK12	SEPT9
EDA2R		CDK12	SET
EDAR		CDK12	SETBP1
EDNRA		CDK12	SETD2
EGF		CDK12	SF3B1
EGFR		CDK12	SFPQ
EGLN1		CDK12	SH2B3
EGLN2		CDK4	SH3GL1
EGLN3		CDKN1A	SLC34A2
EHHADH		CDKN1A	SLC45A3
EI24		CDKN1A	SMAD2
EIF4B		CDKN1B	SMAD3
EIF4E		CDKN1B	SMAD4
EIF4E1B		CDKN1B	SMARCA4
EIF4E2		CDKN1B	SMARCB1
EIF4EBP1		CDKN1B	SMARCD1
ELF3		CDKN1B	SMARCE1
ELK1		CDKN1B	SMO
ELK4		CDKN1B	SND1
ELOB		CDKN2A	SOCS1
ELOC		CDKN2A	SOX2
ENDOD1		CDKN2A	SPECC1
ENDOG		CDKN2A	SPEN
ENO1		CDKN2A	SPOP
ENO2		CDKN2A	SRGAP3
ENO3		CDKN2A	SRSF2
EP300		CDKN2A	SRSF3
EPAS1		CEBPA	SS18
EPHA3		CEP290	SS18L1
EPHX2		CEP290	SSX1
EPO		CEP290	SSX2
EPOR		CEP290	SSX4
ERAS		CEP290	STAG2
ERBB2		CEP290	STAT3
ERBB3		CEP290	STAT5B
ERBB4		CEP290	STAT6
ERCC1		CEP290	STIL
ERCC2		CEP290	STK11
ERCC3		CEP290	STRN
ERCC4		CHD1L	SUFU
ERCC5		CHD1L	SUZ12
ERCC6		CHD1L	SYK
ERCC8		CHD1L	TAF15
EREG		CHD1L	TAL1
ESPL1		CHD1L	TAL2
ETS1		CHD1L	TBL1XR1
EXO1		CHD3	TBX3
EXOG		CHD3	TCEA1
F11R		CHD3	TCF12
F2		CHD3	TCF3
F2R		CHD3	TCF7L2
F8		CHD3	TCL1A
FABP1		CHD3	TCL6
FABP2		CHD4	TERT
FABP3		CHD4	TET1
FABP4		CHD4	TET2
FABP5		CHD4	TFE3
FABP6		CHD4	TFEB
FABP7		CHD4	TFG
FADD		CHD4	TFPT
FADS2		CHD4	TFRC
FARP2		CHD6	TGFBR2
FAS		CHD8	THRAP3
FASLG		CHD9	TLX1
FBP1		CHD9	TLX3
FBP2		CHD9	TMPRSS2
FBXW11		CHD9	TNFAIP3
FCER1G		CHD9	TNFRSF14
FCGR2B		CHD9	TNFRSF17
FCGR3A		CHD9	TOP1
FCGR3B		CHEK2	TP53
FEN1		CHEK2	TPM3
FER		CHEK2	TPM4
FGF1		CHEK2	TPR
FGF10		CHEK2	TRA
FGF11		CHEK2	TRAF7
FGF12		CHEK2	TRB
FGF13		CHEK2	TRD
FGF14		CHEK2	TRIM24
FGF16		CHEK2	TRIM27
FGF17		CHEK2	TRIM33
FGF18		CIC	TRIP11
FGF19		CIC	TRRAP
FGF2		CIC	TSC1
FGF20		CIC	TSC2
FGF21		CIC	TSHR
FGF22		CIC	TTL
FGF23		CIC	U2AF1
FGF3		CIITA	UBR5
FGF4		CLASP2	USP6
FGF5		CLASP2	USP8
FGF6		CLASP2	VHL
FGF7		CLASP2	VTI1A
FGF8		CLASP2	WAS
FGF9		CLASP2	WHSC1
FGFR1		CLASP2	WHSC1L1
FGFR2		CLASP2	WIF1
FGFR3		CLASP2	WRN
FGFR4		CLCC1	WT1
FH		CLOCK	WWTR1
FLNA		CLOCK	XPA
FLNB		CLOCK	XPC
FLNC		CLOCK	XPO1
FLT1		CLOCK	YWHAE
FLT3		CLSPN	ZBTB16
FLT3LG		CLSPN	ZCCHC8
FLT4		CLSPN	ZFHX3
FN1		CLSPN	ZNF198
FOS		CLSPN	ZNF278
FOSL1		CLSPN	ZNF331
FOXC1		CLSPN	ZNF384
FOXC2		CLSPN	ZNF521
FOXO1		CLSPN	ZRSR2
FPR2		CLTC	
FRAT1		CLTC	
FRAT2		CLTC	
FST		CLTC	
FYN		CLTC	
FZD1		CLTC	
FZD10		CLTC	
FZD2		CLTC	
FZD3		CNOT1	
FZD4		CNOT1	
FZD5		CNOT1	
FZD6		CNOT1	
FZD7		CNOT1	
FZD8		CNOT1	
FZD9		CNOT1	
FZR1		CNOT1	
G6PC1		CNOT3	
G6PC2		CNOT3	
GAB1		CNOT3	
GADD45A		CNOT3	
GADD45B		CNOT3	
GADD45G		CNOT3	
GAL		CNOT3	
GALM		CNOT3	
GAPDH		CNOT4	
GAPDHS		CNOT4	
GCK		CNOT4	
GDF5		CNOT4	
GDF6		CNOT4	
GDF7		CNOT4	
GH1		CNTNAP1	
GH2		COL1A1	
GHR		COL1A1	
GK		COL1A1	
GK2		COL1A1	
GLI1		COL1A1	
GLI2		COPS2	
GLI3		COPS2	
GNA12		COPS2	
GNAQ		COPS2	
GNG12		COPS2	
GP1BA		COPS2	
GP1BB		CREBBP	
GP5		CREBBP	
GP6		CREBBP	
GP9		CREBBP	
GPI		CREBBP	
GPR68		CREBBP	
GRAP2		CREBBP	
GRB2		CREBBP	
GSC2		CREBBP	
GSK3A		CRNKL1	
GSK3B		CRTC3	
GSTP1		CSDA	
GTF2H1		CSDA	
GTF2H2		CSDA	
GTF2H3		CSDA	
GTF2H4		CSDE1	
GTF2H5		CSDE1	
GTSE1		CSDE1	
GZMB		CSDE1	
HBEGF		CSDE1	
HCST		CSDE1	
HDAC1		CSNK1G3	
HDAC2		CSNK1G3	
HDAC4		CSNK1G3	
HDAC5		CSNK1G3	
HDAC9		CSNK1G3	
HES1		CSNK1G3	
HES2		CSNK2A1	
HES3		CTCF	
HGF		CTCF	
HHIP		CTCF	
HIF1A		CTCF	
HK1		CTCF	
HK2		CTCF	
HK3		CTCF	
HLA-A		CTCF	
HLA-B		CTNNB1	
HLA-C		CTNNB1	
HLA-E		CTNNB1	
HLA-G		CTNNB1	
HMGB1		CTNNB1	
HMGB1P40		CTNNB1	
HMGCS2		CTNNB1	
HMMR		CTNNB1	
HRAS		CTNNB1	
HRH1		CTNNB1	
HRH4		CTNNB1	
HSP90AA1		CTNNB1	
HSP90AB1		CTNNB1	
HSP90B1		CTNNB1	
HSPA1A		CTNND1	
HSPA1B		CTTN	
HSPA1L		CUL1	
HSPA2		CUL1	
HSPA6		CUL1	
HSPA8		CUL1	
HSPB1		CUL1	
HSPG2		CUL1	
IBSP		CUL1	
ICAM1		CUL1	
ICAM2		CUL1	
ICOS		CUL1	
ID1		CUL2	
ID2		CUL2	
ID3		CUL2	
ID4		CUL2	
IDO1		CUL2	
IFITM1		CUL2	
IFNA1		CUL3	
IFNA10		CUL3	
IFNA13		CUL3	
IFNA14		CUL3	
IFNA16		CUL3	
IFNA17		CUL3	
IFNA2		CUX1	
IFNA21		CUX1	
IFNA4		CYLD	
IFNA5		CYLD	
IFNA6		CYLD	
IFNA7		CYLD	
IFNA8		CYTH4	
IFNAR1		DDX3X	
IFNAR2		DDX3X	
IFNB1		DDX3X	
IFNE		DDX3X	
IFNG		DDX3X	
IFNGR1		DDX3X	
IFNGR2		DDX3X	
IFNK		DDX3X	
IFNL1		DDX3X	
IFNL2		DDX3X	
IFNL3		DDX3X	
IFNLR1		DDX5	
IFNW1		DDX5	
IGF1		DDX5	
IGF1R		DDX5	
IGFBP3		DDX5	
IGFBP4		DDX5	
IKBKB		DDX5	
IKBKG		DDX5	
IL10		DEPDC1B	
IL10RA		DHX15	
IL10RB		DHX15	
IL11		DHX15	
IL11RA		DHX15	
IL12A		DHX15	
IL12B		DHX15	
IL12RB1		DHX15	
IL12RB2		DHX35	
IL13		DHX9	
IL13RA1		DICER1	
IL13RA2		DICER1	
IL15		DICER1	
IL15RA		DICER1	
IL17A		DICER1	
IL17B		DICER1	
IL17C		DICER1	
IL17D		DIS3	
IL17F		DIS3	
IL17RA		DIS3	
IL17RB		DIS3	
IL18		DIS3	
IL18R1		DIS3	
IL18RAP		DIS3	
IL19		DIS3	
IL1A		DIS3	
IL1B		DLG1	
IL1R1		DLG1	
IL1R2		DLG1	
IL1RAP		DLG1	
IL1RN		DLG1	
IL2		DLG1	
IL20		DNMT3A	
IL20RA		DNMT3A	
IL20RB		DNMT3A	
IL21		DNMT3A	
IL21R		DNMT3A	
IL22		DNMT3A	
IL22RA1		DNMT3A	
IL22RA2		DNMT3A	
IL23A		EEF1A1	
IL23R		EEF1A1	
IL24		EEF1A1	
IL25		EEF1A1	
IL26		EEF1A1	
IL27		EEF1B2	
IL2RA		EEF1B2	
IL2RB		EEF1B2	
IL2RG		EEF1B2	
IL3		EFTUD2	
IL36A		EGFR	
IL3RA		EGFR	
IL4		EGFR	
IL4R		EGFR	
IL5		EGFR	
IL5RA		EGFR	
IL6		EGFR	
IL6R		EGFR	
IL6ST		EGFR	
IL7		EGFR	
IL7R		EGFR	
IL9		EGFR	
IL9R		EGFR	
ILK		EIF1AX	
INHBA		EIF1AX	
INHBB		EIF1AX	
INHBC		EIF1AX	
INHBE		EIF1AX	
INPP5D		EIF2AK3	
INS		EIF2AK3	
INSR		EIF2AK3	
IQGAP1		EIF2AK3	
IRAK1		EIF2AK3	
IRAK2		EIF2AK3	
IRAK3		EIF2AK3	
IRAK4		EIF2AK3	
IRF9		EIF2AK3	
IRGM		EIF2AK3	
ITCH		EIF2C3	
ITGA1		EIF2C3	
ITGA10		EIF2C3	
ITGA11		EIF2C3	
ITGA2		EIF2C3	
ITGA2B		EIF2C3	
ITGA3		EIF2C3	
ITGA4		EIF4A2	
ITGA5		EIF4A2	
ITGA6		EIF4A2	
ITGA7		EIF4A2	
ITGA8		EIF4A2	
ITGA9		EIF4A2	
ITGAL		EIF4A2	
ITGAV		EIF4A2	
ITGB1		EIF4A2	
ITGB2		EIF4G1	
ITGB3		EIF4G1	
ITGB4		EIF4G1	
ITGB5		EIF4G1	
ITGB6		EIF4G1	
ITGB7		EIF4G1	
ITGB8		EIF4G1	
ITIH4		EIF4G1	
ITK		EIF4G1	
JAK1		EIF4G3	
JAK2		ELF1	
JAK3		ELF1	
JMJD7-PLA2G4B		ELF1	
JUN		ELF1	
JUND		ELF1	
JUP		ELF1	
KDM5A		ELF3	
KDM6B		ELF3	
KDR		ELF3	
KIR2DL1		ELF3	
KIR2DL2		ELF3	
KIR2DL3		ELF4	
KIR2DL4		EP300	
KIR2DL5A		EP300	
KIR2DS1		EP300	
KIR2DS3		EP300	
KIR2DS4		EP300	
KIR2DS5		EP300	
KIR3DL1		EP300	
KIR3DL2		EP300	
KIT		EP300	
KITLG		EP300	
KL		EP300	
KLK3		EP300	
KLKB1		EPC1	
KLRC1		EPHA1	
KLRC2		EPHA2	
KLRC3		EPHA4	
KLRD1		EPHB2	
KLRG1		ERBB2	
KLRK1		ERBB2IP	
KNG1		ERBB2IP	
KRAS		ERBB2IP	
LAMA1		ERBB2IP	
LAMA2		ERBB2IP	
LAMA3		ERBB2IP	
LAMA4		ERBB2IP	
LAMA5		ERBB2IP	
LAMB1		ERBB2IP	
LAMB2		ERBB3	
LAMB3		ERBB3	
LAMB4		ERBB3	
LAMC1		ERCC2	
LAMC2		ERCC2	
LAMC3		ERCC2	
LAMTOR3		ERCC2	
LAT		ERCC2	
LBP		ERCC2	
LCK		EZH2	
LCP2		EZH2	
LDHA		EZH2	
LDHAL6A		EZH2	
LDHAL6B		EZH2	
LDHB		EZH2	
LDHC		EZH2	
LEF1		EZH2	
LEFTY1		EZH2	
LEFTY2		F8	
LEP		FAF1	
LEPR		FAM123B	
LIAS		FAM123B	
LIF		FAM123B	
LIFR		FAM123B	
LIG1		FAM123B	
LIG3		FAM123B	
LILRB3		FAM123B	
LIPA		FAM123B	
LMO7		FAM123B	
LOC100418883		FAM46C	
LPL		FANCI	
LRP1		FAS	
LRP10		FAS	
LRP11		FAS	
LRP12		FAT1	
LRP1B		FAT1	
LRP2		FAT1	
LRP3		FAT1	
LRP4		FAT1	
LRP5		FAT1	
LRP6		FAT1	
LRP8		FAT1	
LTA		FAT2	
LTA4H		FBXO11	
LTB		FBXW7	
LTB4R		FBXW7	
LTBP1		FBXW7	
LTBR		FBXW7	
LY75		FBXW7	
LY86		FBXW7	
LY96		FBXW7	
LYN		FBXW7	
LYZ		FBXW7	
MAD1L1		FBXW7	
MAD2L1		FBXW7	
MAD2L2		FBXW7	
MALT1		FCRL4	
MAP2K1		FGFR1	
MAP2K2		FGFR2	
MAP2K3		FGFR2	
MAP2K4		FGFR2	
MAP2K5		FGFR2	
MAP2K6		FGFR2	
MAP2K7		FGFR2	
MAP3K1		FGFR2	
MAP3K11		FGFR2	
MAP3K12		FGFR2	
MAP3K13		FGFR3	
MAP3K14		FGFR3	
MAP3K2		FGFR3	
MAP3K20		FGFR3	
MAP3K3		FIP1L1	
MAP3K4		FKBP5	
MAP3K5		FLT3	
MAP3K6		FLT3	
MAP3K7		FLT3	
MAP3K8		FLT3	
MAP4K1		FLT3	
MAP4K2		FLT3	
MAP4K3		FLT3	
MAP4K4		FLT3	
MAPK1		FLT3	
MAPK10		FLT3	
MAPK11		FLT3	
MAPK12		FMR1	
MAPK13		FMR1	
MAPK14		FMR1	
MAPK3		FMR1	
MAPK7		FMR1	
MAPK8		FMR1	
MAPK8IP1		FMR1	
MAPK8IP2		FMR1	
MAPK8IP3		FN1	
MAPK9		FN1	
MAPKAPK2		FN1	
MAPKAPK3		FN1	
MAPKAPK5		FN1	
MAPT		FN1	
MAX		FN1	
MBD4		FN1	
MBL2		FN1	
MCM2		FN1	
MCM3		FOXA1	
MCM4		FOXA2	
MCM5		FOXP1	
MCM6		FOXP1	
MCM7		FOXP1	
MDM2		FOXP1	
MDM4		FOXP1	
ME1		FOXP1	
MECOM		FRG1	
MEF2C		FRG1B	
MEFV		FRG1B	
MET		FRG1B	
MGLL		FRG1B	
MICA		FRG1B	
MICB		FRG1B	
MIF		FRG1B	
MITF		FTSJD1	
MKNK1		FUBP1	
MKNK2		FUBP1	
MLH1		FUBP1	
MLH3		FUBP1	
MLST8		FUBP1	
MMP1		FUBP1	
MMP2		FUBP1	
MMP25		FUBP1	
MMP3		FUS	
MMP7		FUS	
MMP9		FUS	
MNAT1		FXR1	
MOS		FXR1	
MPG		FXR1	
MPL		FXR1	
MRAS		FXR1	
MRE11		FXR1	
MS4A2		G3BP1	
MSH2		G3BP2	
MSH3		G3BP2	
MSH6		G3BP2	
MTOR		G3BP2	
MUTYH		G3BP2	
MYC		G3BP2	
MYD88		G3BP2	
MYL10		G3BP2	
MYL11		G3BP2	
MYL12A		G3BP2	
MYL12B		GATA3	
MYL2		GATA3	
MYL5		GATA3	
MYL7		GATA3	
MYL9		GATA3	
MYLK		GNA11	
MYLK2		GNAI1	
MYLK3		GNAI1	
NANOG		GNAI1	
NBN		GNAI1	
NCK1		GNAI1	
NCK2		GNAS	
NCOA4		GNAS	
NCR1		GNAS	
NCR2		GNAS	
NCR3		GNAS	
NDST1		GNAS	
NECTIN1		GNAS	
NECTIN2		GNG2	
NECTIN3		GNG2	
NECTIN4		GOLGA5	
NEIL1		GOLGA5	
NEIL2		GOLGA5	
NEIL3		GOLGA5	
NF1		GOLGA5	
NFAM1		GOLGA5	
NFAT5		GOLGA5	
NFATC1		GPS2	
NFATC2		GPS2	
NFATC3		GPS2	
NFATC4		GPS2	
NFE2L1		GPS2	
NFKB1		GPSM2	
NFKB2		GPSM2	
NFKBIA		GPSM2	
NFKBIB		GPSM2	
NFKBID		HCFC1	
NFKBIE		HDAC3	
NFKBIZ		HDAC3	
NFRKB		HDAC3	
NFX1		HDAC3	
NGF		HDAC9	
NGFR		HDAC9	
NKD1		HDAC9	
NKD2		HGF	
NKX3-1		HGF	
NLK		HGF	
NLRC4		HGF	
NLRP3		HGF	
NMI		HGF	
NOD1		HGF	
NODAL		HLA-A	
NOG		HLA-A	
NOS2		HLA-A	
NOS3		HLA-A	
NOTCH1		HLA-A	
NOTCH2		HLA-A	
NOTCH3		HLA-A	
NOTCH4		HLA-B	
NOX1		HLA-B	
NOX4		HLA-B	
NR1H3		HLA-B	
NR4A1		HLF	
NRAS		HLF	
NRG1		HLF	
NRG2		HLF	
NRG3		HNF1A	
NRG4		HNRPDL	
NTF3		HNRPDL	
NTF4		HNRPDL	
NTHL1		HNRPDL	
NTRK1		HNRPDL	
NTRK2		HNRPDL	
None		HNRPDL	
None		HRAS	
None		HRAS	
None		HRAS	
None		HRAS	
None		HRAS	
None		HRAS	
OGG1		HRAS	
OLR1		HSP90AA1	
ORC1		HSP90AA1	
ORC2		HSP90AA1	
ORC3		HSP90AA1	
ORC4		HSP90AB1	
ORC5		HSP90AB1	
ORC6		HSP90AB1	
ORM1		HSP90AB1	
ORM2		HSP90AB1	
OSM		HSP90AB1	
OSMR		HSP90AB1	
P2RX7		HSP90AB1	
PAK1		HSPA8	
PAK2		HSPA8	
PAK3		HSPA8	
PAK4		HSPA8	
PAK5		HSPA8	
PAK6		HSPA8	
PARD3		HSPA8	
PARD6A		IDH1	
PARP1		IDH1	
PARP2		IDH1	
PARP3		IDH1	
PARP4		IDH1	
PARVA		IDH1	
PARVB		IDH1	
PARVG		IDH1	
PAX8		IDH1	
PCK1		IDH1	
PCK2		IDH1	
PCNA		IDH1	
PDCD1		IDH1	
PDGFA		IDH2	
PDGFB		IDH2	
PDGFC		IDH2	
PDGFD		IDH2	
PDGFRA		ING1	
PDGFRB		INPP4A	
PDHA1		INPPL1	
PDHA2		IREB2	
PDHB		IREB2	
PDK1		IREB2	
PDPK1		IREB2	
PDPN		IREB2	
PERP		IREB2	
PF4		IREB2	
PF4V1		IREB2	
PFKL		IRF2	
PFKM		IRF6	
PFKP		IRF7	
PGAM1		IRS2	
PGAM2		IRS2	
PGAM4		IRS2	
PGF		IRS2	
PGK1		IRS2	
PGK2		IRS2	
PGM1		IRS2	
PGM2		ITGA9	
PIAS1		ITSN1	
PIAS2		ITSN1	
PIAS3		ITSN1	
PIAS4		ITSN1	
PIDD1		ITSN1	
PIK3AP1		ITSN1	
PIK3C2A		ITSN1	
PIK3C2B		ITSN1	
PIK3C2G		ITSN1	
PIK3C3		JMY	
PIK3CA		KALRN	
PIK3CB		KALRN	
PIK3CD		KALRN	
PIK3CG		KALRN	
PIK3R1		KALRN	
PIK3R2		KALRN	
PIK3R3		KAT6B	
PIK3R4		KDM5C	
PIK3R5		KDM5C	
PIK3R6		KDM5C	
PIM1		KDM5C	
PIP5K1C		KDM5C	
PITX2		KDM5C	
PKLR		KDM6A	
PKM		KDM6A	
PKMYT1		KDM6A	
PLA2G10		KDM6A	
PLA2G12A		KDM6A	
PLA2G12B		KDM6A	
PLA2G1B		KDM6A	
PLA2G2A		KDM6A	
PLA2G2C		KDM6A	
PLA2G2D		KDM6A	
PLA2G2E		KDM6A	
PLA2G2F		KDM6A	
PLA2G3		KDM6A	
PLA2G4A		KDM6A	
PLA2G4B		KDM6A	
PLA2G4C		KDR	
PLA2G4E		KDR	
PLA2G5		KEAP1	
PLA2G6		KEAP1	
PLA2G7		KEAP1	
PLAA		KEAP1	
PLCB1		KEAP1	
PLCB2		KEAP1	
PLCB3		KEAP1	
PLCB4		KIT	
PLCG1		KLF4	
PLCG2		KLF4	
PLD1		KLF4	
PLEKHO2		KLF4	
PLIN1		KLF4	
PLK1		KLF6	
PLTP		KLF6	
PMAIP1		KLF6	
PML		KLF6	
PMS2		KLF6	
POLB		KRAS	
POLD1		KRAS	
POLD2		KRAS	
POLD3		KRAS	
POLD4		KRAS	
POLE		KRAS	
POLE2		KRAS	
POLE3		KRAS	
POLE4		KRAS	
POLL		KRAS	
PORCN		KRAS	
POT1		KRAS	
POU5F1		KRAS	
PPARA		KRAS	
PPARD		KRAS	
PPARG		KRAS	
PPBP		LAMA2	
PPM1A		LARP4B	
PPM1B		LCP1	
PPM1D		LCP1	
PPP1CA		LCP1	
PPP1CB		LCP1	
PPP1CC		LCP1	
PPP1R12A		LDHA	
PPP2CA		LDHA	
PPP2CB		LDHA	
PPP2R1A		LIMA1	
PPP2R1B		LNPEP	
PPP2R5A		LPHN2	
PPP2R5B		LPHN2	
PPP2R5C		LPHN2	
PPP2R5D		LPHN2	
PPP2R5E		LPHN2	
PPP3CA		LPHN2	
PPP3CB		LPHN2	
PPP3CC		LRP6	
PPP3R1		LRP6	
PPP3R2		LRP6	
PPP5C		LRP6	
PRDX2		LRP6	
PRDX5		LRP6	
PRF1		LRPPRC	
PRICKLE1		MACF1	
PRICKLE2		MACF1	
PRKAA1		MACF1	
PRKAA2		MACF1	
PRKACA		MACF1	
PRKACB		MACF1	
PRKACG		MACF1	
PRKAR1A		MAGI2	
PRKAR1B		MAP2K1	
PRKAR2A		MAP2K1	
PRKAR2B		MAP2K1	
PRKCA		MAP2K1	
PRKCB		MAP2K1	
PRKCG		MAP2K4	
PRKCQ		MAP2K4	
PRKDC		MAP2K4	
PRKX		MAP2K4	
PRL		MAP2K4	
PRLR		MAP2K4	
PROK2		MAP2K4	
PROM1		MAP2K4	
PSEN1		MAP3K1	
PTAFR		MAP3K1	
PTCH1		MAP3K1	
PTCH2		MAP3K1	
PTEN		MAP3K1	
PTGES3		MAP3K1	
PTGS2		MAP3K1	
PTK2		MAP3K1	
PTK2B		MAP3K1	
PTPN1		MAP3K11	
PTPN11		MAP3K4	
PTPN5		MAP3K4	
PTPN6		MAP3K4	
PTPN7		MAP3K4	
PTPRB		MAP3K4	
PTPRC		MAP3K4	
PTPRF		MAP3K4	
PTPRJ		MAP3K4	
PTPRM		MAP4K1	
PTPRR		MAP4K3	
PTTG1		MAP4K3	
PTTG2		MAP4K3	
PTX3		MAP4K3	
PXK		MAP4K3	
PXN		MAP4K3	
RAC1		MAT2A	
RAC2		MAX	
RAC3		MAX	
RAD21		MAX	
RAD23A		MAX	
RAD23B		MAX	
RAD50		MAX	
RAD51		MBD2	
RAET1E		MCM3	
RAET1G		MCM8	
RAET1L		MECOM	
RAF1		MECOM	
RALA		MECOM	
RALB		MECOM	
RALBP1		MECOM	
RALGDS		MECOM	
RAP1A		MECOM	
RAP1B		MECOM	
RAPGEF1		MECOM	
RAPGEF2		MECOM	
RARA		MED12	
RARB		MED12	
RASA1		MED12	
RASA2		MED12	
RASGRF1		MED12	
RASGRF2		MED12	
RASGRP1		MED12	
RASGRP2		MED12	
RASGRP3		MED12	
RASGRP4		MED12	
RASSF1		MED17	
RASSF5		MED17	
RB1		MED17	
RBL1		MED17	
RBL2		MED17	
RBX1		MED17	
RCHY1		MED17	
REG3A		MED23	
REG3G		MED24	
RELA		MED24	
RELB		MED24	
RELN		MED24	
RELT		MED24	
RET		MED24	
RFC1		MED24	
RFC2		MEF2C	
RFC3		MEN1	
RFC4		MEN1	
RFC5		MEN1	
RHEB		MEN1	
RHOA		MEN1	
RICTOR		MET	
RIPK1		MET	
RIPK2		MET	
ROCK1		MET	
ROCK2		MET	
RPA1		MET	
RPA2		MET	
RPA3		MET	
RPA4		MET	
RPRM		MET	
RPS6		MFNG	
RPS6KA1		MGA	
RPS6KA2		MGA	
RPS6KA3		MGA	
RPS6KA4		MGA	
RPS6KA5		MGA	
RPS6KA6		MGA	
RPS6KB1		MGA	
RPS6KB2		MGA	
RPTOR		MGA	
RRAS		MGMT	
RRAS2		MKL1	
RRM2		MKL1	
RRM2B		MKL1	
RTEL1		MKL1	
RUNX1		MKL1	
RUNX1T1		MKL1	
RUVBL1		MKL1	
RXRA		MKL1	
RXRB		MLH1	
RXRG		MLH1	
S100A12		MLH1	
S100A8		MLH1	
S100A9		MLH1	
S1PR3		MLH1	
SAA1		MLH1	
SAA3P		MLH1	
SAA4		MLH3	
SAAL1		MLL	
SCD		MLL	
SCD5		MLL	
SCG2		MLL	
SCP2		MLL	
SCUBE1		MLL	
SDC1		MLL	
SDC2		MLL	
SDC3		MLL	
SDC4		MLL2	
SELENOS		MLL2	
SELP		MLL2	
SENP2		MLL2	
SERPINA1		MLL2	
SERPINA3		MLL2	
SERPINB5		MLL2	
SERPINE1		MLL2	
SERPINF2		MLL2	
SESN1		MLL2	
SESN2		MLL2	
SESN3		MLL2	
SFN		MLL2	
SFRP1		MLL3	
SFRP2		MLL3	
SFRP4		MLL3	
SFRP5		MLL3	
SGMS1		MLL3	
SH2D1A		MLL3	
SH2D1B		MLL3	
SH2D2A		MLL3	
SH3BP2		MLL3	
SHC1		MLL3	
SHC2		MLL3	
SHC3		MLL3	
SHC4		MLLT4	
SHH		MMP2	
SHISA5		MNDA	
SIAH1		MSR1	
SIGIRR		MSR1	
SIGLEC1		MSR1	
SKP1		MSR1	
SKP1P2		MSR1	
SKP2		MSR1	
SLC11A1		MSR1	
SLC27A1		MSR1	
SLC27A2		MTOR	
SLC27A4		MTOR	
SLC27A5		MTOR	
SLC27A6		MTOR	
SLC2A1		MTOR	
SMAD1		MTOR	
SMAD2		MTOR	
SMAD3		MUC20	
SMAD4		MUC20	
SMAD5		MUC20	
SMAD6		MUC20	
SMAD7		MYB	
SMAD9		MYB	
SMC1A		MYB	
SMC1B		MYB	
SMC3		MYB	
SMG6		MYC	
SMO		MYCN	
SMUG1		MYD88	
SMURF1		MYH10	
SMURF2		MYH10	
SNAI1		MYH10	
SNAI2		MYH10	
SOCS1		MYH10	
SOCS2		MYH10	
SOCS3		MYH10	
SOCS4		MYH11	
SOCS5		MYH11	
SOCS7		MYH11	
SORBS1		MYH14	
SORL1		MYH9	
SOS1		MYH9	
SOS2		MYH9	
SOX17		NAP1L1	
SOX2		NAP1L1	
SP1		NAP1L1	
SPHK1		NCF2	
SPHK2		NCF2	
SPI1		NCF2	
SPP1		NCF2	
SPRED1		NCF2	
SPRED2		NCF2	
SPRY1		NCK1	
SPRY2		NCK1	
SPRY3		NCK1	
SPRY4		NCK1	
SRC		NCKAP1	
SRF		NCKAP1	
SSBP1		NCKAP1	
SSX2IP		NCKAP1	
STAB1		NCKAP1	
STAG1		NCKAP1	
STAG2		NCKAP1	
STAM		NCKAP1	
STAM2		NCOR1	
STAT1		NCOR1	
STAT2		NCOR1	
STAT3		NCOR1	
STAT4		NCOR1	
STAT5A		NCOR1	
STAT5B		NCOR1	
STAT6		NCOR1	
STEAP3		NCOR1	
STK11		NCOR2	
STK3		NDRG1	
STK36		NDRG1	
STK4		NDRG1	
STMN1		NDRG1	
STRADA		NDRG1	
STS		NDRG1	
SUFU		NEDD4L	
SV2A		NEDD4L	
SV2B		NEDD4L	
SV2C		NEDD4L	
SYK		NEDD4L	
TAB1		NEDD4L	
TAB2		NF1	
TAC1		NF1	
TACR1		NF1	
TAOK1		NF1	
TAOK2		NF1	
TAOK3		NF1	
TBL1X		NF1	
TBL1XR1		NF1	
TBL1Y		NF1	
TCF3		NF1	
TCF7		NF1	
TCF7L1		NF1	
TCF7L2		NF1	
TDG		NF1	
TEC		NF1	
TEP1		NF1	
TERC		NF1	
TERF1		NF2	
TERF2		NF2	
TERF2IP		NF2	
TERT		NF2	
TFDP1		NF2	
TFDP2		NF2	
TFG		NFATC4	
TFRC		NFATC4	
TGFA		NFATC4	
TGFB1		NFATC4	
TGFB2		NFATC4	
TGFB3		NFE2L2	
TGFBR1		NFE2L2	
TGFBR2		NFE2L2	
THBS1		NFE2L2	
THBS2		NFE2L2	
THBS3		NFE2L2	
THBS4		NFE2L2	
TICAM1		NFE2L2	
TICAM2		NFE2L2	
TINF2		NFE2L2	
TIRAP		NKX3-1	
TJP1		NOTCH1	
TLN1		NOTCH1	
TLN2		NOTCH1	
TLR1		NOTCH1	
TLR10		NOTCH1	
TLR4		NOTCH1	
TLR5		NOTCH1	
TLR6		NOTCH1	
TLR8		NOTCH1	
TNC		NOTCH1	
TNF		NOTCH1	
TNFAIP6		NOTCH1	
TNFRSF10A		NOTCH2	
TNFRSF10B		NOTCH2	
TNFRSF10C		NOTCH2	
TNFRSF10D		NPM1	
TNFRSF11A		NPM1	
TNFRSF11B		NPM1	
TNFRSF12A		NR2F2	
TNFRSF13B		NR2F2	
TNFRSF13C		NR2F2	
TNFRSF14		NR2F2	
TNFRSF17		NR2F2	
TNFRSF18		NR4A2	
TNFRSF19		NR4A2	
TNFRSF1A		NR4A2	
TNFRSF1B		NR4A2	
TNFRSF21		NR4A2	
TNFRSF25		NR4A2	
TNFRSF4		NR4A2	
TNFRSF6B		NR4A2	
TNFRSF8		NRAS	
TNFRSF9		NRAS	
TNFSF10		NRAS	
TNFSF11		NRAS	
TNFSF12		NRAS	
TNFSF13		NRAS	
TNFSF13B		NRAS	
TNFSF14		NRAS	
TNFSF15		NRAS	
TNFSF18		NRAS	
TNFSF4		NRAS	
TNFSF8		NRAS	
TNFSF9		NSD1	
TNKS1BP1		NSD1	
TNN		NSD1	
TNR		NSD1	
TNXB		NSD1	
TOLLIP		NSD1	
TP53		NSD1	
TP53AIP1		NSD1	
TP53I3		NTN4	
TP73		NTN4	
TPI1		NTN4	
TPM3		NTN4	
TPO		NTN4	
TPR		NTRK2	
TPST1		NUP107	
TRADD		NUP107	
TRAF1		NUP107	
TRAF2		NUP107	
TRAF3		NUP107	
TRAF4		NUP107	
TRAF5		NUP107	
TRAF6		NUP107	
TSC1		NUP107	
TSC2		NUP107	
TSLP		NUP107	
TTK		NUP93	
TWIST1		NUP98	
TYK2		NUP98	
TYROBP		NUP98	
UBC		NUP98	
UCN		NUP98	
UCP1		NUP98	
ULBP1		NUP98	
ULBP2		NUP98	
ULBP3		NUP98	
ULK1		NUP98	
ULK2		PABPC1	
ULK3		PABPC3	
UNG		PAX5	
VANGL1		PAX5	
VANGL2		PAX5	
VASP		PAX5	
VAV1		PAX5	
VAV2		PAX5	
VAV3		PAX5	
VCL		PBRM1	
VEGFA		PBRM1	
VEGFB		PBRM1	
VEGFC		PBRM1	
VEGFD		PBRM1	
VHL		PBRM1	
VNN1		PBRM1	
VTN		PBRM1	
VWF		PBRM1	
WAS		PCBP1	
WASF1		PCDH18	
WASF2		PCDH18	
WASF3		PCDH18	
WASL		PCDH18	
WEE1		PCDH18	
WEE2		PCDH18	
WIF1		PCDH18	
WNT1		PCDH18	
WNT10A		PCDH18	
WNT10B		PCDH18	
WNT11		PCSK5	
WNT16		PCSK6	
WNT2		PCSK6	
WNT2B		PCSK6	
WNT3		PCSK6	
WNT3A		PCSK6	
WNT4		PCSK6	
WNT5A		PER1	
WNT5B		PGR	
WNT6		PHF6	
WNT7A		PHF6	
WNT7B		PHF6	
WNT8A		PHF6	
WNT8B		PHF6	
WNT9A		PHF6	
WNT9B		PHF6	
WRN		PHF6	
XCL1		PHF6	
XCL2		PHLPP1	
XCR1		PIK3C2B	
XIAP		PIK3CA	
XPA		PIK3CA	
XPC		PIK3CA	
XRCC1		PIK3CA	
XRCC5		PIK3CA	
XRCC6		PIK3CA	
YES1		PIK3CA	
YWHAB		PIK3CA	
YWHAE		PIK3CA	
YWHAG		PIK3CA	
YWHAH		PIK3CA	
YWHAQ		PIK3CA	
YWHAZ		PIK3CA	
ZAP70		PIK3CA	
ZBTB16		PIK3CA	
ZBTB17		PIK3CA	
ZEB1		PIK3CA	
ZEB2		PIK3CB	
ZFYVE16		PIK3CB	
ZFYVE9		PIK3CB	
ZMAT3		PIK3CB	
ZYX		PIK3CB	
		PIK3CB	
		PIK3CB	
		PIK3CB	
		PIK3R1	
		PIK3R1	
		PIK3R1	
		PIK3R1	
		PIK3R1	
		PIK3R1	
		PIK3R1	
		PIK3R1	
		PIK3R1	
		PIK3R1	
		PIK3R1	
		PIK3R3	
		PIK3R3	
		PIK3R3	
		PIK3R3	
		PIK3R3	
		PIK3R3	
		PIP5K1A	
		PIP5K1A	
		PIP5K1A	
		PIP5K1A	
		PIP5K1A	
		PIP5K1A	
		PIP5K1A	
		PLCB1	
		PLCB1	
		PLCG1	
		PLXNA1	
		PLXNB2	
		POLR2B	
		POLR2B	
		POLR2B	
		POLR2B	
		POLR2B	
		POLR2B	
		POLR2B	
		POM121	
		PPM1D	
		PPP2R1A	
		PPP2R1A	
		PPP2R1A	
		PPP2R1A	
		PPP2R1A	
		PPP2R1A	
		PPP2R1A	
		PPP2R1A	
		PPP2R5A	
		PPP2R5A	
		PPP2R5A	
		PPP2R5C	
		PPP2R5C	
		PPP2R5C	
		PPP2R5C	
		PPP6C	
		PRKAR1A	
		PRKAR1A	
		PRKCZ	
		PRPF8	
		PRPF8	
		PRPF8	
		PRPF8	
		PRPF8	
		PRPF8	
		PRPF8	
		PRPF8	
		PRRX1	
		PRRX1	
		PRRX1	
		PRRX1	
		PRRX1	
		PSIP1	
		PSMA6	
		PSMA6	
		PSMA6	
		PSMD11	
		PSME3	
		PTCH1	
		PTEN	
		PTEN	
		PTEN	
		PTEN	
		PTEN	
		PTEN	
		PTEN	
		PTEN	
		PTEN	
		PTEN	
		PTEN	
		PTEN	
		PTEN	
		PTEN	
		PTEN	
		PTEN	
		PTEN	
		PTEN	
		PTGS1	
		PTGS1	
		PTGS1	
		PTGS1	
		PTGS1	
		PTPN11	
		PTPN11	
		PTPN11	
		PTPN11	
		PTPN11	
		PTPN11	
		PTPN11	
		PTPN11	
		PTPN11	
		PTPN11	
		PTPN11	
		PTPRF	
		PTPRU	
		PTPRU	
		PTPRU	
		PTPRU	
		PTPRU	
		PTPRU	
		RAC1	
		RAC1	
		RAD21	
		RAD21	
		RAD21	
		RAD21	
		RAD21	
		RAD21	
		RAD21	
		RAD21	
		RAD21	
		RAD21	
		RAD23B	
		RAD23B	
		RAD23B	
		RASA1	
		RASA1	
		RASA1	
		RASA1	
		RASA1	
		RASA1	
		RASA1	
		RASA1	
		RASA2	
		RASGRP1	
		RB1	
		RB1	
		RB1	
		RB1	
		RB1	
		RB1	
		RB1	
		RB1	
		RB1	
		RB1	
		RB1	
		RB1	
		RB1	
		RBBP7	
		RBBP7	
		RBBP7	
		RBBP7	
		RBM10	
		RBM10	
		RBM10	
		RBM10	
		RBM10	
		RBM5	
		RBM5	
		RBM5	
		RBM5	
		RBM5	
		RFC4	
		RGS3	
		RGS3	
		RHEB	
		RHEB	
		RHEB	
		RHEB	
		RHOA	
		RHOA	
		RHOA	
		RHOA	
		RHOA	
		RHOA	
		RHOT1	
		RNF43	
		ROBO2	
		RPGR	
		RPL22	
		RPL22	
		RPL22	
		RPL22	
		RPL22	
		RPL5	
		RPL5	
		RPL5	
		RPL5	
		RPL5	
		RPL5	
		RPL5	
		RPSAP58	
		RPSAP58	
		RPSAP58	
		RPSAP58	
		RPSAP58	
		RTN4	
		RTN4	
		RTN4	
		RTN4	
		RTN4	
		RTN4	
		RTN4	
		RTN4	
		RUNX1	
		RUNX1	
		RUNX1	
		RUNX1	
		RUNX1	
		RUNX1	
		RUNX1	
		SACS	
		SCAI	
		SEC24D	
		SEC24D	
		SEC24D	
		SEC24D	
		SEC24D	
		SEC24D	
		SEC31A	
		SETD2	
		SETD2	
		SETD2	
		SETD2	
		SETD2	
		SETD2	
		SETD2	
		SETD2	
		SETD2	
		SETDB1	
		SETDB1	
		SETDB1	
		SETDB1	
		SETDB1	
		SETDB1	
		SETDB1	
		SETDB1	
		SF3A3	
		SF3A3	
		SF3A3	
		SF3B1	
		SF3B1	
		SF3B1	
		SF3B1	
		SF3B1	
		SF3B1	
		SF3B1	
		SF3B1	
		SF3B1	
		SF3B1	
		SF3B1	
		SF3B1	
		SF3B1	
		SF3B1	
		SFPQ	
		SFPQ	
		SFPQ	
		SFPQ	
		SH2B3	
		SHMT1	
		SHMT1	
		SHMT1	
		SHMT1	
		SIN3A	
		SIN3A	
		SIN3A	
		SIN3A	
		SIN3A	
		SIN3A	
		SIN3A	
		SIN3A	
		SMAD2	
		SMAD2	
		SMAD2	
		SMAD2	
		SMAD2	
		SMAD2	
		SMAD2	
		SMAD2	
		SMAD2	
		SMAD4	
		SMAD4	
		SMAD4	
		SMAD4	
		SMAD4	
		SMAD4	
		SMAD4	
		SMAD4	
		SMAD4	
		SMAD4	
		SMAD4	
		SMARCA1	
		SMARCA4	
		SMARCA4	
		SMARCA4	
		SMARCA4	
		SMARCA4	
		SMARCA4	
		SMARCA4	
		SMARCA4	
		SMARCA4	
		SMARCA4	
		SMARCA4	
		SMARCB1	
		SMC1A	
		SMC1A	
		SMC1A	
		SMC1A	
		SMC1A	
		SMC1A	
		SMC1A	
		SMC1A	
		SMC1A	
		SMO	
		SMURF2	
		SOS1	
		SOS1	
		SOS1	
		SOS1	
		SOS1	
		SOS1	
		SOS1	
		SOS2	
		SOS2	
		SOS2	
		SOS2	
		SOS2	
		SOS2	
		SOX17	
		SOX9	
		SOX9	
		SOX9	
		SOX9	
		SOX9	
		SOX9	
		SOX9	
		SOX9	
		SPOP	
		SPOP	
		SPOP	
		SPOP	
		SPOP	
		SPRR3	
		SPTAN1	
		SPTAN1	
		SPTAN1	
		SPTAN1	
		SPTAN1	
		SPTAN1	
		SRGAP1	
		SRGAP3	
		SRGAP3	
		SRGAP3	
		SRGAP3	
		SRGAP3	
		SRGAP3	
		STAG1	
		STAG1	
		STAG1	
		STAG1	
		STAG1	
		STAG1	
		STAG1	
		STAG2	
		STAG2	
		STAG2	
		STAG2	
		STAG2	
		STAG2	
		STAG2	
		STAG2	
		STAG2	
		STARD13	
		STIP1	
		STIP1	
		STIP1	
		STIP1	
		STIP1	
		STK11	
		STK11	
		STK11	
		STK11	
		STK11	
		STK4	
		STK4	
		STK4	
		STK4	
		STK4	
		SUZ12	
		SUZ12	
		SUZ12	
		SUZ12	
		SUZ12	
		SUZ12	
		SUZ12	
		SVEP1	
		SVEP1	
		SVEP1	
		SVEP1	
		SYK	
		SYNCRIP	
		SYNCRIP	
		SYNCRIP	
		SYNCRIP	
		SYNCRIP	
		SYNCRIP	
		TAF1	
		TAF1	
		TAF1	
		TAF1	
		TAF1	
		TAF1	
		TAF1	
		TAF1	
		TAF1	
		TAOK1	
		TAOK1	
		TAOK1	
		TAOK1	
		TAOK1	
		TAOK2	
		TAOK2	
		TAOK2	
		TAOK2	
		TAOK2	
		TAOK2	
		TAOK2	
		TAOK2	
		TBL1XR1	
		TBL1XR1	
		TBL1XR1	
		TBL1XR1	
		TBL1XR1	
		TBL1XR1	
		TBL1XR1	
		TBL1XR1	
		TBL1XR1	
		TBL1XR1	
		TBX3	
		TBX3	
		TBX3	
		TBX3	
		TBX3	
		TBX3	
		TBX3	
		TBX3	
		TBX3	
		TBX3	
		TBX3	
		TBX3	
		TCF12	
		TCF12	
		TCF12	
		TCF12	
		TCF12	
		TCF12	
		TCF12	
		TCF4	
		TCF4	
		TCF4	
		TCF4	
		TCF4	
		TCF7L2	
		TCF7L2	
		TCF7L2	
		TCF7L2	
		TCF7L2	
		TET2	
		TFDP1	
		TFDP1	
		TFDP1	
		TFDP1	
		TFDP1	
		TFDP1	
		TFDP1	
		TFDP1	
		TFDP2	
		TFDP2	
		TFDP2	
		TGFBR2	
		TGFBR2	
		TGFBR2	
		TGFBR2	
		TGFBR2	
		TGFBR2	
		TGFBR2	
		TGFBR2	
		TGFBR2	
		TGFBR2	
		TGFBR2	
		THRAP3	
		THRAP3	
		THRAP3	
		THRAP3	
		THRAP3	
		THRAP3	
		THRAP3	
		TJP1	
		TJP1	
		TJP1	
		TJP1	
		TJP1	
		TJP1	
		TJP1	
		TJP1	
		TJP2	
		TJP2	
		TJP2	
		TJP2	
		TJP2	
		TJP2	
		TNPO1	
		TNPO1	
		TNPO1	
		TNPO1	
		TNPO1	
		TNPO1	
		TNPO2	
		TOM1	
		TOM1	
		TOM1	
		TOM1	
		TP53	
		TP53	
		TP53	
		TP53	
		TP53	
		TP53	
		TP53	
		TP53	
		TP53	
		TP53	
		TP53	
		TP53	
		TP53	
		TP53	
		TP53	
		TP53	
		TP53	
		TP53	
		TP53	
		TP53	
		TP53	
		TP53	
		TP53	
		TP53	
		TP53	
		TP53	
		TP53BP1	
		TP53BP1	
		TP53BP1	
		TP53BP1	
		TP53BP1	
		TP53BP1	
		TP53BP1	
		TP53BP1	
		TP53BP1	
		TRERF1	
		TRIO	
		TRIO	
		TRIO	
		TRIO	
		TRIO	
		TRIO	
		TRIO	
		TRIO	
		TRIO	
		TRIO	
		TRIO	
		TRIO	
		TRIO	
		TRIP10	
		TSC1	
		TXNIP	
		U2AF1	
		U2AF1	
		U2AF1	
		U2AF1	
		UPF3B	
		UPF3B	
		USP6	
		VHL	
		VHL	
		VHL	
		VIM	
		WASF3	
		WHSC1	
		WHSC1L1	
		WHSC1L1	
		WIPF1	
		WIPF1	
		WIPF1	
		WIPF1	
		WIPF1	
		WIPF1	
		WNK1	
		WNT5A	
		WT1	
		WT1	
		WT1	
		WT1	
		WT1	
		WT1	
		WT1	
		WT1	
		XPO1	
		XRN1	
		YBX1	
		YBX1	
		ZC3H11A	
		ZC3H11A	
		ZC3H11A	
		ZC3H11A	
		ZC3H11A	
		ZC3H11A	
		ZC3H11A	
		ZC3H11A	
		ZC3H11A	
		ZFHX3	
		ZFHX3	
		ZFP36L1	
		ZFP36L2	
		ZFP36L2	
		ZFP36L2	
		ZFP36L2	
		ZFP36L2	
		ZFP36L2	
		ZFP36L2	
		ZMYM2	
		ZMYM2	
		ZMYM2	
		ZMYM2	
		ZMYM2	
		ZMYM2	
		ZNF292	
		ZNF638	
		ZNF750	
		ZNF814	
		ZNF814	
		ZNF814	
		ZNF814	
		ZNF814	
		ZNF814	
		ZNF814	
		ZNF814	
		ZNF814	
		ZNRF3	
